{"cameraMode":{"drawMode":0,"name":"Shaded","section":"Shading Mode"},"sceneLighting":true,"audioPlay":false,"sceneViewState":{"m_AlwaysRefresh":false,"showFog":true,"showSkybox":true,"showFlares":true,"showImageEffects":true,"showParticleSystems":true,"showVisualEffectGraphs":true,"m_FxEnabled":true},"in2DMode":false,"pivot":{"x":1.827433705329895,"y":6.510257244110107,"z":-1.550786018371582},"rotation":{"x":0.050634197890758517,"y":-0.03684699162840843,"z":-0.0018693683668971062,"w":-0.998036801815033},"size":6.432379245758057,"orthographic":false}