{"cameraMode":{"drawMode":0,"name":"Shaded","section":"Shading Mode"},"sceneLighting":false,"audioPlay":false,"sceneViewState":{"m_AlwaysRefresh":false,"showFog":true,"showSkybox":false,"showFlares":true,"showImageEffects":true,"showParticleSystems":true,"showVisualEffectGraphs":true,"m_FxEnabled":true},"in2DMode":false,"pivot":{"x":18.200231552124025,"y":2.583950996398926,"z":-7.974606037139893},"rotation":{"x":-0.022090237587690355,"y":0.5750321745872498,"z":-0.015535956248641014,"w":-0.8176893591880798},"size":2.1723477840423586,"orthographic":false}