{"cameraMode":{"drawMode":0,"name":"Shaded","section":"Shading Mode"},"sceneLighting":true,"audioPlay":false,"sceneViewState":{"m_AlwaysRefresh":false,"showFog":true,"showSkybox":true,"showFlares":true,"showImageEffects":true,"showParticleSystems":true,"showVisualEffectGraphs":true,"m_FxEnabled":true},"in2DMode":false,"pivot":{"x":2.538182497024536,"y":4.547573566436768,"z":-6.668083190917969},"rotation":{"x":0.044984105974435809,"y":-0.005993749480694532,"z":0.0002703989448491484,"w":0.9989728927612305},"size":11.970386505126954,"orthographic":true}