{"cameraMode":{"drawMode":0,"name":"Shaded","section":"Shading Mode"},"sceneLighting":true,"audioPlay":false,"sceneViewState":{"m_AlwaysRefresh":false,"showFog":true,"showSkybox":true,"showFlares":true,"showImageEffects":true,"showParticleSystems":true,"showVisualEffectGraphs":true,"m_FxEnabled":true},"in2DMode":false,"pivot":{"x":5.8097968101501469,"y":4.050429344177246,"z":-6.192166805267334},"rotation":{"x":-0.09998892992734909,"y":-0.032532960176467898,"z":0.003270488465204835,"w":-0.9944566488265991},"size":2.6244637966156008,"orthographic":false}